{
  "smooth_oracle_median_mm": 2.5111596877846303,
  "smooth_v112_median_mm": 3.199412085341296,
  "sigma_obs_holdout_mm": [
    1.8544576445556553,
    1.8595704943355351,
    1.5514362401504982
  ],
  "sigma_obs_2nd_diff_mm": [
    0.46424480886287584,
    0.48161544816185675,
    0.39572285169536053
  ],
  "quant_report": {
    "x": {
      "n_unique": 9985,
      "min_gap": 9.999999996956888e-07,
      "median_gap": 0.0002939999999997944,
      "max_gap": 0.09517400000000009,
      "grid_fit_max_resid": {
        "1e-2": 0.5,
        "1e-3": 0.5,
        "1e-4": 0.5,
        "1e-5": 0.5,
        "1e-6": 9.313225746154785e-10,
        "1e-7": 7.450580596923828e-09,
        "1e-8": 5.960464477539063e-08
      },
      "range": [
        0.580268,
        6.910435
      ]
    },
    "y": {
      "n_unique": 9973,
      "min_gap": 9.999999999177334e-07,
      "median_gap": 0.00020099999999992346,
      "max_gap": 0.20306099999999994,
      "grid_fit_max_resid": {
        "1e-2": 0.5,
        "1e-3": 0.5,
        "1e-4": 0.5,
        "1e-5": 0.5,
        "1e-6": 4.656612873077393e-10,
        "1e-7": 3.725290298461914e-09,
        "1e-8": 2.9802322387695312e-08
      },
      "range": [
        -2.430039,
        2.458611
      ]
    },
    "z": {
      "n_unique": 9978,
      "min_gap": 9.999999999177334e-07,
      "median_gap": 0.00014999999999999736,
      "max_gap": 0.10567300000000013,
      "grid_fit_max_resid": {
        "1e-2": 0.5,
        "1e-3": 0.5,
        "1e-4": 0.5,
        "1e-5": 0.5,
        "1e-6": 4.656612873077393e-10,
        "1e-7": 3.725290298461914e-09,
        "1e-8": 2.9802322387695312e-08
      },
      "range": [
        -1.64561,
        2.400125
      ]
    }
  },
  "ceiling_call": "model headroom \ub0a8\uc74c (oracle \ub9e4\ub048<7mm)",
  "v112_full_hit1cm": 0.6768,
  "v112_smooth_hit1cm": 0.9235,
  "smooth_thr_accel_ms2": 1.4449498281808468,
  "hard_n": 96,
  "smooth_n": 2000
}